forecast_date,company,ticker,trial,nct_ids,indication,phase,primary_endpoint,probability,result,brier,graded_at,guidance_url
"2026-10-01","Actinogen Medical","ACW","XanaMIA","NCT06125951","Mild to moderate Alzheimer's disease with elevated blood pTau181","PHASE2/PHASE3","Effects of 10 mg Xanamem on integrated cognitive and functional abilities","0.20","open","","","https://www.globenewswire.com/news-release/2026/09/23/3367466/0/en/actinogen-xanamia-pivotal-alzheimer-s-disease-trial-completes-final-patient-visit-with-topline-results-on-track-for-november.html"
"2026-10-01","Dogwood Therapeutics Inc.","DWTX","Efficacy and Safety Study of Halneuron in the Treatment of Chemotherapy-Induced Neuropathic Pain","NCT06848348","Chemotherapy-induced neuropathic pain","PHASE2","NRS Pain","0.35","open","","","https://www.globenewswire.com/news-release/2026/09/14/3361120/0/en/dogwood-announces-completion-of-enrollment-in-ongoing-halneuron-phase-2b-trial.html"
"2026-10-01","Sol-Gel Technologies, Ltd.","SLGL","Efficacy and Safety of Patidegib Gel 2% for Preventing Basal Cell Carcinomas on the Face of Adults With Gorlin Syndrome","NCT06050122","Gorlin syndrome (basal cell nevus syndrome)","PHASE3","Number of new BCCs on the face at Month 12","0.45","open","","","https://www.sec.gov/Archives/edgar/data/1684693/000117891326004537/exhibit_99-1.htm"
"2026-10-01","Aclaris Therapeutics, Inc.","ACRS","ATI-045 Versus Placebo in Patients With Moderate-to-Severe Atopic Dermatitis","NCT07011706","Moderate-to-severe atopic dermatitis","PHASE2","Percent Change in Eczema Area and Severity Index (EASI)","0.35","open","","","https://www.sec.gov/Archives/edgar/data/1557746/000110465926091629/acrs-20260806xex99d1.htm"
"2026-10-01","Cybin IRL Limited","HELP","APPROACH","NCT06564818","Major depressive disorder, adjunctive treatment","PHASE3","Montgomery-Åsberg Depression Rating Scale (MADRS)","0.70","open","","","https://www.sec.gov/Archives/edgar/data/1833141/000183314126000058/q12027financialresultspres.htm"
"2026-10-01","Vir Biotechnology, Inc.","VIR","A Study to Evaluate Tobevibart + Elebsiran in Chronic HDV Infection","NCT06903338","Chronic hepatitis delta","PHASE3","HDV RNA < Lower Limit of Quantification (LLOQ), Target Not Detected (TND) and alanine aminotransferase (ALT) normalization (ALT </= Upper Limit of Normal [ULN]) at Week 48 for Arm 1 vs at Week 12 for Arm 2","0.93","open","","","https://www.sec.gov/Archives/edgar/data/1706431/000162828026053351/a20260805-q2ex991earningsr.htm"
"2026-10-01","Zura Bio Inc","ZURA","TibuSHIELD","NCT06993610","Hidradenitis suppurativa","PHASE2","[Period 1] Percent change from baseline in abscess and inflammatory nodule (AN) count at 16 weeks","0.45","open","","","https://www.sec.gov/Archives/edgar/data/1855644/000185564426000007/zura-20260811xex991.htm"
"2026-10-01","Acumen Pharmaceuticals","ABOS","ALTITUDE-AD","NCT06335173","Early Alzheimer's disease","PHASE2","Change from Baseline in Integrated Alzheimer's Disease Rating Scale (iADRS) Score","0.25","open","","","https://www.sec.gov/Archives/edgar/data/1576885/000162828026055940/abos-20260812xexx991.htm"
"2026-10-01","Immunic AG","IMUX","ENSURE-1","NCT05134441;NCT05201638","Relapsing multiple sclerosis","PHASE3","To evaluate efficacy of IMU-838 versus placebo regarding time to first relapse","0.70","open","","","https://www.sec.gov/Archives/edgar/data/1280776/000119380526001071/e665684_ex99-2.htm"
